id,name,description,detail,summary,category,price,brand,promotion,quantity,view,created_at,updated_at
1,Apple Watch Ultra 2 2024 49mm 4G Viền Titan Dây Cao Su - Cũ Xước Cấn,"Mua Apple Watch Ultra 2 2024 49mm Viền Titan Dây Cao Su cũ giá rẻ - Nguồn gốc rõ ràng, bảo hành 6-12 tháng, đổi mới 30 ngày, luôn xuất bán đầy đủ VAT.","- Công nghệ màn hình: Retina LTPO2 OLEDĐộ sáng 3000 nit
- Kích thước màn hình: 1185 mm
- Đường kính mặt: 49 mm
- Kích thước cổ tay phù hợp: 13 – 20 cm
- Nghe,gọi: Nghe gọi qua eSim
- Tiện ích sức khoẻ: Chế độ luyện tập, Theo dõi giấc ngủ, Đo nhịp tim, Đo lượng oxy trong máu, Đếm bước chân, Tính calo tiêu thụ, Tính quãng đường chạy, Đo mức độ stress, Cảm biến nhiệt độ, Phát hiện té ngã, Cảnh báo nhịp tim bất thường, Đo điện tâm đồ, Đo VO2 max (Đo lượng tiêu thụ oxy tối đa), Theo dõi chu kỳ
- Tương thích: iOS 18 trở lên
- Thời lượng pin: Lên đến 36 giờ khi sử dụng bình thườngLên đến 72 giờ ở Chế Độ Nguồn Điện Thấp
- Hãng sản xuất: Apple Chính hãng","Mua Apple Watch Ultra 2 2024 49mm Viền Titan Dây Cao Su cũ giá rẻ - Nguồn gốc rõ ràng, bảo hành 6-12 tháng, đổi mới 30 ngày, luôn xuất bán đầy đủ VAT.",Khác,13690000,Apple Chính hãng,2,57,0,2026-03-29 00:49:37,2026-03-29 00:49:37
2,Bàn di chuột Asus Rog Strix Edge,"Mua Bàn di chuột Asus Rog Strix Edge chính hãng - Giá rẻ, đảm bảo chất lượng, độ bền cao, hỗ trợ giao hàng tận nơi toàn quốc.","- Hãng sản xuất: ASUS
- Chất liệu: VảiCao su","Mua Bàn di chuột Asus Rog Strix Edge chính hãng - Giá rẻ, đảm bảo chất lượng, độ bền cao, hỗ trợ giao hàng tận nơi toàn quốc.",Phụ kiện,350000,ASUS,2,177,0,2026-03-29 00:49:37,2026-03-29 00:49:37
3,Bàn phím cơ có dây E-Dra EK316 đen,"Mua Bàn phím cơ có dây E-Dra EK316 đen chính hãng - Giá rẻ, đảm bảo chất lượng, độ bền cao, hỗ trợ giao hàng tận nơi toàn quốc.","- Loại bàn phím: Full-size
- Số phím: 104 phím
- Tương thích: Windows
- Kết nối: Dây USB-A
- Khoảng cách kết nối (Độ dài dây): 1.5 mét
- Đèn LED: LED Rainbow
- Hãng sản xuất: E-dra","Mua Bàn phím cơ có dây E-Dra EK316 đen chính hãng - Giá rẻ, đảm bảo chất lượng, độ bền cao, hỗ trợ giao hàng tận nơi toàn quốc.",Phụ kiện,590000,E-dra,2,77,0,2026-03-29 00:49:37,2026-03-29 00:49:37
4,Bàn phím cơ có dây Rapoo V501-87 đen xám cam,"Mua ngay Bàn phím cơ có dây Rapoo V501-87 đen xám cam chính hãng, giá ưu đãi, bảo hành chính hãng, miễn phí giao hàng tận nơi.","- Loại bàn phím: Tenkeylesss 80%
- Số phím: 87 Phím
- Phím đặc biệt: Phím MultimediaKnob xoay
- Tương thích: Windows 10/11
- Kết nối: Kết nối có dây USB
- Đèn LED: LED RGB, 20 chế độ khác nhau
- Hãng sản xuất: Rapoo","Mua ngay Bàn phím cơ có dây Rapoo V501-87 đen xám cam chính hãng, giá ưu đãi, bảo hành chính hãng, miễn phí giao hàng tận nơi.",Phụ kiện,549000,Rapoo,80,94,0,2026-03-29 00:49:37,2026-03-29 00:49:37
5,Bàn phím cơ gaming E-Dra EK3104K đen,"Mua Bàn phím cơ gaming E-Dra EK3104K đen chính hãng - Giá rẻ, đảm bảo chất lượng, độ bền cao, hỗ trợ giao hàng tận nơi toàn quốc.","- Loại bàn phím: Full-size
- Số phím: 104 phím + 3 phím đa phương tiện
- Phím đặc biệt: Nút Xoay Knob
- Tương thích: Windows
- Kết nối: Dây USB-A to C
- Khoảng cách kết nối (Độ dài dây): 1.5 mét
- Đèn LED: LED Rainbow
- Hãng sản xuất: E-dra","Mua Bàn phím cơ gaming E-Dra EK3104K đen chính hãng - Giá rẻ, đảm bảo chất lượng, độ bền cao, hỗ trợ giao hàng tận nơi toàn quốc.",Phụ kiện,590000,E-dra,2,36,0,2026-03-29 00:49:37,2026-03-29 00:49:37
6,Bàn phím cơ gaming E-Dra EK315X đen xám,"Mua Bàn phím cơ gaming E-Dra EK315X đen xám chính hãng - Giá rẻ, đảm bảo chất lượng, độ bền cao, hỗ trợ giao hàng tận nơi toàn quốc.","- Loại bàn phím: Full-size
- Số phím: 104 phím
- Tương thích: Win XP, Win7, Win8, Win10.
- Kết nối: USB 2.4GhzDây USB-A to C
- Khoảng cách kết nối (Độ dài dây): Có dây: 1.8 métKhông dây: 10 mét
- Đèn LED: LED Rainbow
- Hãng sản xuất: E-dra","Mua Bàn phím cơ gaming E-Dra EK315X đen xám chính hãng - Giá rẻ, đảm bảo chất lượng, độ bền cao, hỗ trợ giao hàng tận nơi toàn quốc.",Phụ kiện,690000,E-dra,2,17,0,2026-03-29 00:49:37,2026-03-29 00:49:37
7,Bàn phím cơ gaming E-Dra EK315X xám đen,"Mua Bàn phím cơ gaming E-Dra EK315X xám đen chính hãng - Giá rẻ, đảm bảo chất lượng, độ bền cao, hỗ trợ giao hàng tận nơi toàn quốc.","- Loại bàn phím: Full-size
- Số phím: 104 phím
- Tương thích: Win XP, Win7, Win8, Win10.
- Kết nối: USB 2.4GhzDây USB-A to C
- Khoảng cách kết nối (Độ dài dây): Có dây: 1.8 métKhông dây: 10 mét
- Đèn LED: LED Rainbow
- Hãng sản xuất: E-dra","Mua Bàn phím cơ gaming E-Dra EK315X xám đen chính hãng - Giá rẻ, đảm bảo chất lượng, độ bền cao, hỗ trợ giao hàng tận nơi toàn quốc.",Phụ kiện,690000,E-dra,2,130,0,2026-03-29 00:49:37,2026-03-29 00:49:37
8,Bàn phím cơ gaming E-Dra EK398PROV2 đen,"Mua bàn phím cơ gaming E-Dra EK398PROV2 đen chính hãng - Giá rẻ, đảm bảo chất lượng, độ bền cao, hỗ trợ giao hàng tận nơi toàn quốc.","- Loại bàn phím: Full-size
- Số phím: 97 phím
- Phím đặc biệt: Tích hợp núm xoay
- Tương thích: Windows 98 / 2000 / ME / NT / XP / win 7,8,10
- Kết nối: USB 2.4GhzBluetoothDây USB-A to C
- Khoảng cách kết nối (Độ dài dây): Không dây: 10 métCó dây: 1.5 mét
- Đèn LED: LED RGB
- Hãng sản xuất: E-dra","Mua bàn phím cơ gaming E-Dra EK398PROV2 đen chính hãng - Giá rẻ, đảm bảo chất lượng, độ bền cao, hỗ trợ giao hàng tận nơi toàn quốc.",Phụ kiện,1190000,E-dra,2,157,0,2026-03-29 00:49:37,2026-03-29 00:49:37
9,Bàn phím cơ gaming E-Dra EK398X Alpha đen xám,"Mua Bàn phím cơ gaming E-Dra EK398X Alpha đen xám chính hãng - Giá rẻ, đảm bảo chất lượng, độ bền cao, hỗ trợ giao hàng tận nơi toàn quốc.","- Loại bàn phím: Full-size
- Số phím: 99 phím
- Tương thích: Windows 98 / 2000 / ME / NT / XP / win 7,8,10
- Kết nối: Dây USB-A
- Đèn LED: LED Rainbow
- Hãng sản xuất: E-dra","Mua Bàn phím cơ gaming E-Dra EK398X Alpha đen xám chính hãng - Giá rẻ, đảm bảo chất lượng, độ bền cao, hỗ trợ giao hàng tận nơi toàn quốc.",Phụ kiện,690000,E-dra,2,182,0,2026-03-29 00:49:37,2026-03-29 00:49:37
10,Bàn phím cơ gaming E-Dra EK398X Beta đen xám,"Mua Bàn phím cơ gaming E-Dra EK398X Beta đen xám chính hãng - Giá rẻ, đảm bảo chất lượng, độ bền cao, hỗ trợ giao hàng tận nơi toàn quốc.","- Loại bàn phím: Full-size
- Số phím: 99 phím
- Tương thích: Windows 98 / 2000 / ME / NT / XP / win 7,8,10
- Kết nối: Dây USB-A
- Đèn LED: LED Rainbow
- Hãng sản xuất: E-dra","Mua Bàn phím cơ gaming E-Dra EK398X Beta đen xám chính hãng - Giá rẻ, đảm bảo chất lượng, độ bền cao, hỗ trợ giao hàng tận nơi toàn quốc.",Phụ kiện,690000,E-dra,2,52,0,2026-03-29 00:49:37,2026-03-29 00:49:37
11,Chuột có dây E-dra EM6102,"Mua chuột có dây E-dra EM6102 chính hãng - Giá rẻ, đảm bảo chất lượng, độ bền cao, hỗ trợ giao hàng tận nơi toàn quốc.","- Tương thích: Windows 98 / 2000 / ME / NT / XP / win 7
- Độ phân giải: 1200/1600/2400/3600 DPI
- Kết nối: Dây USB-A
- Khoảng cách kết nối (Độ dài dây): 1.75 mét
- Đèn LED: LED Rainbow
- Hãng sản xuất: E-dra","Mua chuột có dây E-dra EM6102 chính hãng - Giá rẻ, đảm bảo chất lượng, độ bền cao, hỗ trợ giao hàng tận nơi toàn quốc.",Phụ kiện,160000,E-dra,2,119,0,2026-03-29 00:49:37,2026-03-29 00:49:37
12,Chuột có dây E-dra EM6102PRO,"Mua chuột có dây E-dra EM6102PRO chính hãng - Giá rẻ, đảm bảo chất lượng, độ bền cao, hỗ trợ giao hàng tận nơi toàn quốc.","- Tương thích: Windows 98 / 2000 / ME / NT / XP / win 7
- Độ phân giải: 1000/2000/3000/5000/7000/10000 DPI
- Kết nối: Dây USB-A
- Khoảng cách kết nối (Độ dài dây): 1.5 mét
- Đèn LED: LED RGB
- Hãng sản xuất: E-dra","Mua chuột có dây E-dra EM6102PRO chính hãng - Giá rẻ, đảm bảo chất lượng, độ bền cao, hỗ trợ giao hàng tận nơi toàn quốc.",Phụ kiện,295000,E-dra,2,29,0,2026-03-29 00:49:37,2026-03-29 00:49:37
13,Chuột gaming không dây E-dra EM623W,"Mua chuột gaming không dây E-dra EM623W chính hãng - Giá rẻ, đảm bảo chất lượng, độ bền cao, hỗ trợ giao hàng tận nơi toàn quốc.","- Tương thích: Windows 7/8/10/11
- Độ phân giải: 1200/2400/3200 DPI
- Kết nối: Wireless 2.4Ghz + Bluetooth
- Khoảng cách kết nối (Độ dài dây): 10 mét
- Đèn LED: LED RGB
- Hãng sản xuất: E-dra","Mua chuột gaming không dây E-dra EM623W chính hãng - Giá rẻ, đảm bảo chất lượng, độ bền cao, hỗ trợ giao hàng tận nơi toàn quốc.",Phụ kiện,280000,E-dra,2,128,0,2026-03-29 00:49:37,2026-03-29 00:49:37
14,Chuột gaming không dây E-dra EM631W,"Mua chuột gaming không dây E-dra EM631W chính hãng - Giá rẻ, đảm bảo chất lượng, độ bền cao, hỗ trợ giao hàng tận nơi toàn quốc.","- Tương thích: Windows 98 / 2000 / ME / NT / XP / win 7/ win 8/ win 10/ win 11
- Độ phân giải: 1200/2400/3200/4800/8000 DPI
- Kết nối: Dây USB-A to C + 2.4Ghz + Bluetooth
- Khoảng cách kết nối (Độ dài dây): Không dây: 10 métCó dây: 1.6 mét
- Đèn LED: LED RGB
- Hãng sản xuất: E-dra","Mua chuột gaming không dây E-dra EM631W chính hãng - Giá rẻ, đảm bảo chất lượng, độ bền cao, hỗ trợ giao hàng tận nơi toàn quốc.",Phụ kiện,310000,E-dra,2,84,0,2026-03-29 00:49:37,2026-03-29 00:49:37
15,HONOR X8d 8GB 128GB - Đã kích hoạt,"Mua điện thoại HONOR X8d 8GB 128GB đã kích hoạt bảo hành, đổi mới 30 ngày, có trả góp 0%","- Kích thước màn hình: 6.77 inches
- Công nghệ màn hình: AMOLED
- Camera sau: Camera chính 108MP (f/1.75) + Camera rộng 5MP (f/2.2)
- Camera trước: 16MP (f/2.45)
- Chipset: Snapdragon 6s 4G thế hệ 2
- Công nghệ NFC: Có
- Dung lượng RAM: 8 GB
- Bộ nhớ trong: 128 GB
- Pin: 6800mAh (giá trị định mức), 7000 mAh (giá trị điển hình)
- Thẻ SIM: 2 Nano-SIM
- Hệ điều hành: MagicOS 10 (Dựa trên Android 16)
- Độ phân giải màn hình: 1080 x 2392 pixels
- Tính năng màn hình: Màu sắc: 1,07 tỷ màuCông nghệ Eye Comfort800 nit (điển hình) 1300 nit (loại HBM) 3000 nit (loại APL)Chất liệu kính Thủy tinh Aluminosilicate
- Loại CPU: Octa-core, 4 * A73 2,9 GHz + 4 * A53 1,9 GHz","Mua điện thoại HONOR X8d 8GB 128GB đã kích hoạt bảo hành, đổi mới 30 ngày, có trả góp 0%",Điện thoại,6290000,HONOR,2,46,0,2026-03-29 00:49:37,2026-03-29 00:49:37
16,POCO X8 Pro Max 5G 12GB 256GB - Đã kích hoạt,"Mua điện thoại Poco X8 Pro Max 12GB/256GB đã kích hoạt bảo hành, đổi mới 30 ngày, có trả góp 0%","- Kích thước màn hình: 6.83 inches
- Công nghệ màn hình: AMOLED
- Camera sau: 50 MP f/1.5 (cảm biến Light Hunter 600, OIS) + 8 MP (góc siêu rộng)
- Camera trước: 20 MP
- Chipset: MediaTek Dimensity 9500s
- Dung lượng RAM: 12 GB
- Bộ nhớ trong: 256 GB
- Pin: 8.500 mAh
- Thẻ SIM: Dual nano-SIM hoặc 1 nano-SIM + 1 eSIM
- Hệ điều hành: Xiaomi HyperOS 3 (Android 16)
- Độ phân giải màn hình: 2772 x 1280 pixels
- Tính năng màn hình: Độ sáng tối đa 3.500 nits, PWM 3840Hz, 68 tỷ màu, dải màu DCI-P3, HDR10+
- Loại CPU: 1 × Cortex-X925 (tối đa 3.73GHz) + 3 × Cortex-X4 (tối đa 3.3GHz) + 4 × Cortex-A720 (tối đa 2.4GHz)","Mua điện thoại Poco X8 Pro Max 12GB/256GB đã kích hoạt bảo hành, đổi mới 30 ngày, có trả góp 0%",Điện thoại,12390000,Xiaomi,2,199,0,2026-03-29 00:49:37,2026-03-29 00:49:37
17,Đồng hồ thông minh Garmin Fenix 6S - Cũ Xước Cấn,"Mua Đồng hồ thông minh Garmin Fenix 6S Sapphire cũ giá rẻ - Nguồn gốc rõ ràng, bảo hành 6-12 tháng, đổi mới 30 ngày, luôn xuất bán đầy đủ VAT.","- Công nghệ màn hình: Mip
- Kích thước màn hình: 1.2 inch
- Đường kính mặt: 42mm
- Độ phân giải màn hình: 240 x 240 pixels
- Tiện ích sức khoẻ: Chế độ luyện tập, Theo dõi giấc ngủ, Đo nhịp tim, Đo lượng oxy trong máu, Đếm bước chân, Tính calo tiêu thụ, Tính quãng đường chạy
- Tương thích: Android,iOS
- Thời lượng pin: Đồng hồ thông minh: Tối đa 9 ngày GPSGPS Tối đa 25 giờ GPS và âm nhạc Âm nhạc: Tối đa 6 giờ
- Dòng sản phẩm: Fenix 6
- Hãng sản xuất: Garmin","Mua Đồng hồ thông minh Garmin Fenix 6S Sapphire cũ giá rẻ - Nguồn gốc rõ ràng, bảo hành 6-12 tháng, đổi mới 30 ngày, luôn xuất bán đầy đủ VAT.",Khác,4090000,Garmin,2,155,0,2026-03-29 00:49:37,2026-03-29 00:49:37
18,Giá đỡ iPad/Điện thoại Rain Design (USA) MStand tản nhiệt,"Mua Giá đỡ iPad/Điện thoại Rain Design (USA) MStand tản nhiệt chính hãng - Giá rẻ, đảm bảo chất lượng, độ bền cao, hỗ trợ giao hàng tận nơi toàn quốc.","- Hãng sản xuất: Rain Design
- Chất liệu: Hợp kim nhôm nguyên khối (Aluminum)
- Tiện ích: Thiết kế khe cắm cáp iPhone dễ dàngGiữ iPad ở chế độ dọc hoặc ngangmStand tạo ra những góc độ để xem máy tính bảng thoải mái hơn","Mua Giá đỡ iPad/Điện thoại Rain Design (USA) MStand tản nhiệt chính hãng - Giá rẻ, đảm bảo chất lượng, độ bền cao, hỗ trợ giao hàng tận nơi toàn quốc.",Tablet,981000,Rain Design,2,22,0,2026-03-29 00:49:37,2026-03-29 00:49:37
19,Giá đỡ Laptop/Macbook Rain Design (Usa) Mbar Pro Foldable tản nhiệt,"Mua Giá đỡ Laptop/Macbook Rain Design (Usa) Mbar Pro Foldable tản nhiệt chính hãng - Giá rẻ, đảm bảo chất lượng, độ bền cao, hỗ trợ giao hàng tận nơi toàn quốc.","- Hãng sản xuất: Rain Design
- Chất liệu: Hợp kim nhôm nguyên khối (Aluminum)
- Tiện ích: Giá đỡ có thể gấp gọn lạiNâng máy tính xách tay lên 75mmmBar Pro giúp tăng luồng khí xung quang và dưới máy tính xách tay","Mua Giá đỡ Laptop/Macbook Rain Design (Usa) Mbar Pro Foldable tản nhiệt chính hãng - Giá rẻ, đảm bảo chất lượng, độ bền cao, hỗ trợ giao hàng tận nơi toàn quốc.",Laptop,1512000,Rain Design,2,9,0,2026-03-29 00:49:37,2026-03-29 00:49:37
20,Giá đỡ Laptop/Macbook Rain Design (Usa) Mbar tản nhiệt,"Mua Giá đỡ Laptop/Macbook Rain Design (Usa) Mbar tản nhiệt chính hãng - Giá rẻ, đảm bảo chất lượng, độ bền cao, hỗ trợ giao hàng tận nơi toàn quốc.","- Hãng sản xuất: Rain Design
- Chất liệu: Hợp kim nhôm nguyên khối (Aluminum)
- Tiện ích: Nâng máy tính xách tay lên 75mmmBar giúp tăng luồng khí xung quanh và dưới máy tính xách tay","Mua Giá đỡ Laptop/Macbook Rain Design (Usa) Mbar tản nhiệt chính hãng - Giá rẻ, đảm bảo chất lượng, độ bền cao, hỗ trợ giao hàng tận nơi toàn quốc.",Laptop,711000,Rain Design,2,14,0,2026-03-29 00:49:37,2026-03-29 00:49:37
21,Laptop Acer Aspire Go 14 AI AG14-71M-57WR NX.JFWSV.001 - Cũ Trầy Xước,"Mua ngay Laptop Acer Aspire Go 14 AI AG14-71M-57WR cũ giá rẻ - Nguồn gốc rõ ràng, bảo hành 6-12 tháng, đổi mới 30 ngày, luôn xuất bán đầy đủ VAT.","- Chip AI: 11 TOPS
- Loại card đồ họa: Intel Arc Graphics
- Dung lượng RAM: 16GB
- Loại RAM: DDR5 Up to 5600 MT/s
- Số khe ram: 2 khe (1 x 16GB, nâng cấp tối đa 96GB)
- Ổ cứng: 512GB PCIe NVMe SSD (Nâng cấp tối đa 2TB)
- Kích thước màn hình: 14 inches
- Công nghệ màn hình: Màn hình LCD TFT đèn nền LED Acer ComfyView Góc nhìn rộngĐộ phủ màu sRGB 100%Độ sáng 300nits
- Pin: Pin Li-ion 3 cell 55 Wh Bộ chuyển đổi AC USB Type-C 65 W PD
- Hệ điều hành: Windows 11 Home Single Language
- Độ phân giải màn hình: 1920 x 1200 pixels (FullHD+)
- Loại CPU: Intel Core Ultra 5 125H (14 lõi / 18 luồng, Tần số Turbo tối đa của E-core : 3.6 GHz, Tần số Turbo tối đa của P-core : 4.5 GHz,18 MB Intel Smart Cache)
- Cổng giao tiếp: 2x USB Type-C 2x USD 3.2 Gen 1 Type A 1x Cổng HDMI 2.1 hỗ trợ HDCP 1x Ethernet (RJ-45) 1x Thẻ nhớ microSD lên đến 512 GB (tương thích SDXC, tương thích exFAT) 1x Giắc cắm tai nghe/loa 3.5 mm, hỗ trợ tai nghe có micro tích hợp","Mua ngay Laptop Acer Aspire Go 14 AI AG14-71M-57WR cũ giá rẻ - Nguồn gốc rõ ràng, bảo hành 6-12 tháng, đổi mới 30 ngày, luôn xuất bán đầy đủ VAT.",Laptop,12690000,Acer,0,82,0,2026-03-29 00:49:37,2026-03-29 00:49:37
22,Laptop Acer Aspire Lite 15 AL15-51M-55NB NX.KRSSV.001 - Cũ Đẹp,"Mua Laptop Acer Aspire Lite 15 AL15-51M-55NB NX.KRSSV.001 cũ giá rẻ - Nguồn gốc rõ ràng, bảo hành 6-12 tháng, đổi mới 30 ngày, luôn xuất bán đầy đủ VAT.","- Loại card đồ họa: Intel Iris Xe
- Dung lượng RAM: 8GB
- Ổ cứng: 512GB SSD PCIe NVMe
- Kích thước màn hình: 15.6 inches
- Công nghệ màn hình: 15.6 inch Full HD 1080pAcer BlueLightShield
- Hệ điều hành: Windows 11
- Độ phân giải màn hình: 1920 x 1080 pixels (FullHD)
- Loại CPU: Intel Core i5 1155G7 4 lõi 8 luồng, tốc độ tối đa lên đến 4.5 GHz
- Cổng giao tiếp: 2 cổng USB-A1 cổng USB-C 3.2 Gen 2Cổng xuất hình HDMI 1.4Jack cắm tai ngheEthernet RJ-45","Mua Laptop Acer Aspire Lite 15 AL15-51M-55NB NX.KRSSV.001 cũ giá rẻ - Nguồn gốc rõ ràng, bảo hành 6-12 tháng, đổi mới 30 ngày, luôn xuất bán đầy đủ VAT.",Laptop,8390000,Acer,2,196,0,2026-03-29 00:49:37,2026-03-29 00:49:37
23,Laptop ASUS Vivobook S 14 FLIP TP3402VA-LZ632W - Cũ Trầy Xước,"Mua ngay Laptop ASUS Vivobook S 14 FLIP TP3402VA-LZ632W cũ giá rẻ - Nguồn gốc rõ ràng, bảo hành 6-12 tháng, đổi mới 30 ngày, luôn xuất bán đầy đủ VAT.","- Loại card đồ họa: Intel UHD Graphics
- Dung lượng RAM: 16GB
- Loại RAM: DDR4
- Số khe ram: 8GB DDR4 on board + 8GB DDR4 SO-DIMM (Có thể nâng cấp; Cần tháo vỏ dưới/trên)
- Ổ cứng: 512GB M.2 NVMe PCIe 4.0 SSD
- Kích thước màn hình: 14 inches
- Công nghệ màn hình: Độ sáng 300nitsĐộ phủ màu 45% NTSC TÜV Rheinland-certifiedWith stylus support
- Pin: 50WHrs, 3S1P, 3-cell Li-ion
- Hệ điều hành: Windows 11 Home
- Độ phân giải màn hình: 1920 x 1200 pixels (WUXGA)
- Loại CPU: Intel Core i5-13420H 2.1 GHz (12MB Cache, up to 4.6 GHz, 8 lõi, 12 luồng)
- Cổng giao tiếp: 1x USB 2.0 Type-A (480Mbps) 1x USB 3.2 Gen 2 Type-A (10Gbps) 1x USB 3.2 Gen 2 Type-C hỗ trợ hiển thị/cung cấp điện (10Gbps) 1x HDMI 2.1 TMDS 1x Giắc cắm âm thanh kết hợp 3.5mm 1x DC-in","Mua ngay Laptop ASUS Vivobook S 14 FLIP TP3402VA-LZ632W cũ giá rẻ - Nguồn gốc rõ ràng, bảo hành 6-12 tháng, đổi mới 30 ngày, luôn xuất bán đầy đủ VAT.",Laptop,14590000,ASUS,45,184,0,2026-03-29 00:49:37,2026-03-29 00:49:37
24,Laptop Dell 15 DC15250 79N4M - Cũ Đẹp,"Mua ngay Laptop Dell 15 DC15250 79N4M cũ giá rẻ - Nguồn gốc rõ ràng, bảo hành 6-12 tháng, đổi mới 30 ngày, luôn xuất bán đầy đủ VAT.","- Loại card đồ họa: Intel Graphics
- Dung lượng RAM: 16GB
- Loại RAM: DDR4
- Số khe ram: 2 khe (2 x 8GB, nâng cấp tối đa 16GB)
- Ổ cứng: 512GB SSD
- Kích thước màn hình: 15.6 inches
- Công nghệ màn hình: Độ phủ màu 45% NTSCĐộ sáng 250 nitsMàn hình chống chói
- Pin: 3 cell, 41Wh
- Hệ điều hành: Windows 11
- Độ phân giải màn hình: 1920 x 1080 pixels (FullHD)
- Loại CPU: Intel Core 3-100U
- Cổng giao tiếp: Thẻ SD / Cổng USB 2.0 / Cổng âm thanh đa năng / Cổng HDMI 1.4 / Cổng USB 3.2 thế hệ 1 / USB loại C","Mua ngay Laptop Dell 15 DC15250 79N4M cũ giá rẻ - Nguồn gốc rõ ràng, bảo hành 6-12 tháng, đổi mới 30 ngày, luôn xuất bán đầy đủ VAT.",Laptop,9190000,Dell,45,63,0,2026-03-29 00:49:37,2026-03-29 00:49:37
25,Laptop Dell 15 DC15250 I5U165W11SLU - Cũ Trầy Xước,"Mua ngay Laptop Dell 15 DC15250 I5U165W11SLU cũ giá rẻ - Nguồn gốc rõ ràng, bảo hành 6-12 tháng, đổi mới 30 ngày, luôn xuất bán đầy đủ VAT.","- Loại card đồ họa: Intel UHD Graphics
- Dung lượng RAM: 16GB
- Loại RAM: DDR4 2666MHz
- Số khe ram: 2 khe (1 x 16GB)
- Ổ cứng: 512GB SSD PCIe Gen4x4 (M.2 2230)
- Kích thước màn hình: 15.6 inches
- Công nghệ màn hình: Màn hình chống chói
- Pin: Pin liền, 3-Cell Battery, 41WHr
- Hệ điều hành: Windows 11 Home + Office Home 2024 + 1 năm sử dụng Microsoft 365 Basic (miễn phí 1 năm, hết phải gia hạn)
- Độ phân giải màn hình: 1920 x 1080 pixels (FullHD)
- Loại CPU: Intel Core i5-1334U (12MB Cache, Turbo Boost 4.6GHz)
- Cổng giao tiếp: 1x USB 3.2 Gen 1 1x USB 2.0 1x USB 3.2 Gen 1 Type-C 1x HDMI 1.4 1x Khe cắm thẻ SD 1x Cổng âm thanh đa năng","Mua ngay Laptop Dell 15 DC15250 I5U165W11SLU cũ giá rẻ - Nguồn gốc rõ ràng, bảo hành 6-12 tháng, đổi mới 30 ngày, luôn xuất bán đầy đủ VAT.",Laptop,12590000,Dell,2,186,0,2026-03-29 00:49:37,2026-03-29 00:49:37
26,Laptop Dell Inspiron 16 5630 - Cũ Trầy Xước,"Mua Laptop Dell Inspiron 16 5630 cũ giá rẻ - Nguồn gốc rõ ràng, bảo hành 6-12 tháng, đổi mới 30 ngày, luôn xuất bán đầy đủ VAT.","- Loại card đồ họa: Intel Iris Xe Graphics
- Dung lượng RAM: 16GB
- Loại RAM: LPDDR5 4800MHz
- Ổ cứng: SSD 512GB M.2 PCIe NVMe
- Kích thước màn hình: 16 inches
- Công nghệ màn hình: 16&#x27;&#x27; FHD+ (1920 x 1200; 16:10) Anti-Glare Non-Touch 250nits WVA Display with ComfortView Support
- Pin: 4-Cell, 54Wh
- Hệ điều hành: Windows 11
- Độ phân giải màn hình: 1920 x 1200 pixels (FullHD+)
- Loại CPU: Intel core i5-1340P (12 cores, 16 Threads, up to 4.6GHz, 12MB cache)
- Cổng giao tiếp: 2x USB 3.2 Gen 1 Type A1x USB Type-C Thunderbolt 4.0 port with DisplayPort and Power Delivery1x HDMI 1.4 port1x SD-card slot1x Jack tai nghe 3.5mm1x Power-adapter port 4.5 mm x 2.9 mm DC-in","Mua Laptop Dell Inspiron 16 5630 cũ giá rẻ - Nguồn gốc rõ ràng, bảo hành 6-12 tháng, đổi mới 30 ngày, luôn xuất bán đầy đủ VAT.",Laptop,13990000,Dell,2,49,0,2026-03-29 00:49:37,2026-03-29 00:49:37
27,Laptop Dell Latitude 5320 P138G001 - Cũ Trầy Xước,"Mua Laptop Dell Latitude 5320 P138G001 cũ giá rẻ - Nguồn gốc rõ ràng, bảo hành 6-12 tháng, đổi mới 30 ngày, luôn xuất bán đầy đủ VAT.","- Loại card đồ họa: Intel Iris Xe Graphics
- Dung lượng RAM: 16GB
- Loại RAM: LPDDR4, 3200MHz
- Ổ cứng: 256GB SSD M2 PCIe NVMe
- Kích thước màn hình: 13.3 inches
- Công nghệ màn hình: Anti-Glare, 300 Nits
- Pin: 4 Cell 63Whr
- Hệ điều hành: Windows 10 Pro
- Độ phân giải màn hình: 1920 x 1080 pixels (FullHD)
- Loại CPU: Intel Core i7-1185G7 3.00 GHz upto 4.80 GHz/ 12 MB Intel® Smart Cache
- Cổng giao tiếp: 2 Thunderbolt 4, 1 USB 3.2 Gen 1 1 USB 3.2 Gen1 port with PowerShare, 1 HDMI 2.0","Mua Laptop Dell Latitude 5320 P138G001 cũ giá rẻ - Nguồn gốc rõ ràng, bảo hành 6-12 tháng, đổi mới 30 ngày, luôn xuất bán đầy đủ VAT.",Laptop,8490000,Dell,2,66,0,2026-03-29 00:49:37,2026-03-29 00:49:37
28,Laptop Dell Vostro 3530 V5I5267W1 - Cũ Trầy Xước,"Mua Laptop Dell Vostro 3530 V5I5267W1 cũ giá rẻ - Nguồn gốc rõ ràng, bảo hành 6-12 tháng, đổi mới 30 ngày, luôn xuất bán đầy đủ VAT.","- Loại card đồ họa: Intel Iris Xe Graphics có điều kiện khi sử dụng Dual RAM (với Ram 8GB : Intel UHD)
- Dung lượng RAM: 8GB
- Loại RAM: DDR4 3200Mhz
- Số khe ram: 2 khe
- Ổ cứng: SSD 256GB NVMe
- Kích thước màn hình: 15.6 inches
- Công nghệ màn hình: 15.6 inch FHD (1920 x 1080) 250 nits WVA Anti- Glare LED Backlit Narrow Border Display
- Pin: 3 Cell, 41 Wh
- Hệ điều hành: Windows 11 Home
- Độ phân giải màn hình: 1920 x 1080 pixels (FullHD)
- Loại CPU: Intel Core i5-1335U (tối đa 4.60 GHz, 12MB)
- Cổng giao tiếp: 1 x Ethernet RJ-451 USB 3.2 Gen 1 port1 USB 2.0 port1 USB 3.2 Gen 1 Type-C® port1 USB 3.2 Gen 1 Type-C® port with DisplayPort Alt Mode 1.4/Power Delivery1 Universal audio port1 HDMI 1.4 port","Mua Laptop Dell Vostro 3530 V5I5267W1 cũ giá rẻ - Nguồn gốc rõ ràng, bảo hành 6-12 tháng, đổi mới 30 ngày, luôn xuất bán đầy đủ VAT.",Laptop,9390000,Lenovo,2,175,0,2026-03-29 00:49:37,2026-03-29 00:49:37
29,Laptop Lenovo IdeaPad Slim 3 OLED 15IRH10 83K1002NVN - Cũ Trầy Xước,"Mua ngay Laptop Lenovo IdeaPad Slim 3 15IRH10 83K1002NVN cũ giá rẻ - Nguồn gốc rõ ràng, bảo hành 6-12 tháng, đổi mới 30 ngày, luôn xuất bán đầy đủ VAT.","- Loại card đồ họa: Intel UHD Graphics
- Dung lượng RAM: 24GB
- Loại RAM: DDR5-4800
- Số khe ram: 2 khe (8GB Soldered DDR5-4800 + 16GB SO-DIMM DDR5-4800, tối đa 24GB)
- Ổ cứng: 512GB SSD M.2 2242 PCIe 4.0x4 NVMe (Tối đa hai ổ đĩa, 2x M.2 SSD • M.2 2242 SSD lên đến 1TB)
- Kích thước màn hình: 15.1 inches
- Công nghệ màn hình: Độ sáng 500nits Glossy Độ phủ màu 100% DCI-P3 DisplayHDR True Black 600
- Pin: 60WhĐầu tròn 65W (3 chân)
- Hệ điều hành: Windows 11 Home Single Language, English
- Độ phân giải màn hình: 2560 x 1600 (WQXGA)
- Loại CPU: Intel Core i5-13420H, 8 lõi (4P + 4E) / 12 luồng, P-core 2.1 / 4.6GHz, E-core 1.5 / 3.4GHz, 12MB
- Cổng giao tiếp: 2x USB-A (USB 5Gbps / USB 3.2 Gen 1) 1x USB-C (USB 5Gbps / USB 3.2 Gen 1), với USB PD 3.0 và DisplayPort 1.2 1x HDMI 1.4 1x giắc cắm kết hợp tai nghe / micrô (3.5 mm) 1x đầu đọc thẻ SD 1x đầu nối nguồn","Mua ngay Laptop Lenovo IdeaPad Slim 3 15IRH10 83K1002NVN cũ giá rẻ - Nguồn gốc rõ ràng, bảo hành 6-12 tháng, đổi mới 30 ngày, luôn xuất bán đầy đủ VAT.",Laptop,16790000,Lenovo,0,86,0,2026-03-29 00:49:37,2026-03-29 00:49:37
30,Laptop Lenovo LOQ 15IAX9E 83LK0079VN - Cũ Xước Cấn,"Mua ngay Laptop Lenovo LOQ 15IAX9E 83LK0079VN cũ giá rẻ - Nguồn gốc rõ ràng, bảo hành 6-12 tháng, đổi mới 30 ngày, luôn xuất bán đầy đủ VAT.","- Chip AI: AI-Powered Gaming PC
- Loại card đồ họa: NVIDIA GeForce RTX 3050 6GB GDDR6, Boost Clock 1432MHz, TGP 65W, 142 AI TOPS
- Dung lượng RAM: 16GB
- Loại RAM: SO-DIMM DDR5-4800
- Số khe ram: 1 khe (1x 16GB, nâng cấp tối đa 32GB DDR5-4800)
- Ổ cứng: 512GB SSD M.2 2242 PCIe 4.0x4 NVMe (Tối đa hai ổ đĩa, 2x M.2 SSD • M.2 2242 SSD tối đa 1TB mỗi ổ)
- Kích thước màn hình: 15.6 inches
- Công nghệ màn hình: Độ sáng 300nits Màn hình chống chóiĐộ phủ màu 100% sRGB
- Pin: 57Wh135W Slim Tip (3-pin)
- Hệ điều hành: Windows 11 Home Single Language, English
- Độ phân giải màn hình: 1920 x 1080 pixels (FullHD)
- Loại CPU: Intel Core i5-12450HX, 8C (4P + 4E) / 12T, P-core up to 4.4GHz, E-core up to 3.1GHz, 12MB
- Cổng giao tiếp: 2x USB-A (5Gbps / USB 3.2 Gen 1) 1x USB-C (5Gbps / USB 3.2 Gen 1), chỉ truyền dữ liệu 1x HDMI 2.1, lên đến 8K/60Hz 1x giắc cắm kết hợp tai nghe / micrô (3.5mm) 1x Ethernet (RJ-45) 1x Đầu đọc thẻ 1x Đầu nối nguồn","Mua ngay Laptop Lenovo LOQ 15IAX9E 83LK0079VN cũ giá rẻ - Nguồn gốc rõ ràng, bảo hành 6-12 tháng, đổi mới 30 ngày, luôn xuất bán đầy đủ VAT.",Laptop,15590000,Lenovo,0,7,0,2026-03-29 00:49:37,2026-03-29 00:49:37
31,Laptop Lenovo Thinkbook X G2 IAH 21TU0002CD - Cũ Đẹp,"Mua Laptop Lenovo Thinkbook X G2 IAH 21TU0002CD cũ giá rẻ - Nguồn gốc rõ ràng, bảo hành 6-12 tháng, đổi mới 30 ngày, luôn xuất bán đầy đủ VAT.","- Chip AI: Intel AI Boost
- Loại card đồ họa: Intel® Arc™ 140T
- Dung lượng RAM: 32GB
- Loại RAM: LPDDR5x 8400MHz
- Ổ cứng: 1TB PCIe NVMe M.2 SSD gen 4
- Kích thước màn hình: 13.5 inches
- Công nghệ màn hình: 13.5 inch, 2.8K (2880x1920), IPS, 500 nits, 120Hz, 100% sRGB
- Pin: 4 cell 74whr
- Hệ điều hành: Windows 11
- Độ phân giải màn hình: 2880 x 1920 pixels
- Loại CPU: Intel® Core™ Ultra 5 225H (14 nhân 14 luồng, xung nhịp tối đa có thể đạt P-core 4.9GHz / E-core 4.3GHz, 18 MB Intel® Smart Cache)
- Cổng giao tiếp: 3x USB Type-C1x 3.5mm headphone/microphone combo jack","Mua Laptop Lenovo Thinkbook X G2 IAH 21TU0002CD cũ giá rẻ - Nguồn gốc rõ ràng, bảo hành 6-12 tháng, đổi mới 30 ngày, luôn xuất bán đầy đủ VAT.",Laptop,21290000,Lenovo,0,197,0,2026-03-29 00:49:37,2026-03-29 00:49:37
32,Laptop Lenovo ThinkPad P16V Gen 1 21FC001YUS - Cũ Trầy Xước,"Mua Laptop Lenovo ThinkPad P16V Gen 1 21FC001YUS cũ giá rẻ - Nguồn gốc rõ ràng, bảo hành 6-12 tháng, đổi mới 30 ngày, luôn xuất bán đầy đủ VAT.","- Loại card đồ họa: NVIDIA® RTX A500 4GB GDDR6
- Dung lượng RAM: 64GB
- Loại RAM: DDR5
- Ổ cứng: M2.2280 512GB
- Kích thước màn hình: 16 inches
- Công nghệ màn hình: Full HD (1920x1200)IPS300nitsAntiglare100% sRGB
- Pin: Integrated Li-Polymer 90Wh battery
- Hệ điều hành: Windows 11 Pro
- Độ phân giải màn hình: 1920 x 1200 pixels
- Loại CPU: 13th Generation Intel® Core™ i7 13700H Processor Base Frequency 3.70GHz, Max Turbo 5.00GHz ( 14 Cores, 20 Threads, 24MB Smart Cache)
- Cổng giao tiếp: 2x USB 3.2 Gen 1 (one Always On)2x Thunderbolt™ 4 / USB4® 40Gbps (support data transfer, Power Delivery 3.0 and DisplayPort™ 1.4)1x HDMI® 2.1, up to 8K/60Hz1x Headphone / microphone combo jack (3.5mm)1x SD Express 7.0 card reader1x Sec","Mua Laptop Lenovo ThinkPad P16V Gen 1 21FC001YUS cũ giá rẻ - Nguồn gốc rõ ràng, bảo hành 6-12 tháng, đổi mới 30 ngày, luôn xuất bán đầy đủ VAT.",Laptop,21090000,Lenovo,0,139,0,2026-03-29 00:49:37,2026-03-29 00:49:37
33,Laptop Lenovo Thinkpad Z16 Gen 1 21D4000CUS - Cũ Trầy Xước,"Mua Laptop Lenovo Thinkpad Z16 Gen 1 21D4000CUS cũ giá rẻ - Nguồn gốc rõ ràng, bảo hành 6-12 tháng, đổi mới 30 ngày, luôn xuất bán đầy đủ VAT.","- Loại card đồ họa: AMD Radeon™ 680M
- Dung lượng RAM: 16GB
- Loại RAM: LPDDR5 6400MHz
- Ổ cứng: SSD 512GB M.2 2280 PCIe® 4.0 (Nâng cấp)
- Kích thước màn hình: 16 inches
- Công nghệ màn hình: 16&quot; WUXGA (1920x1200) Non-touch, IPS, 400nits, Anti-glare, 16:10, 100% sRGB, 60Hz, Low power, TÜV Low Blue Light
- Pin: 72Wh
- Hệ điều hành: Windows 11
- Độ phân giải màn hình: 1920 x 1200 pixels (WUXGA)
- Loại CPU: AMD Ryzen™ 7 PRO 6850H (8 Cores, 16 Threads, 3,2 GHz Base, 4,7 GHz Turbo, 16MB Cache)
- Cổng giao tiếp: 1 x combo jack (3,5mm)1 x đầu đọc thẻ SD1 x USB-C® 3.2 Gen 22 x USB4® 40Gbps (hỗ trợ truyền dữ liệu, Power Delivery 3.0 và DisplayPort™ 1.4a)","Mua Laptop Lenovo Thinkpad Z16 Gen 1 21D4000CUS cũ giá rẻ - Nguồn gốc rõ ràng, bảo hành 6-12 tháng, đổi mới 30 ngày, luôn xuất bán đầy đủ VAT.",Laptop,13290000,Lenovo,0,161,0,2026-03-29 00:49:37,2026-03-29 00:49:37
34,Laptop Lenovo Yoga Slim 7 14IMH9 83CV00D8VN - Đã Kích Hoạt,"Mua ngay Laptop Lenovo Yoga Slim 7 14IMH9 83CV00D8VN cũ giá rẻ - Nguồn gốc rõ ràng, bảo hành 6-12 tháng, đổi mới 30 ngày, luôn xuất bán đầy đủ VAT.","- Chip AI: Intel AI Boost, up to 11 TOPS
- Loại card đồ họa: Intel Arc Graphics
- Dung lượng RAM: 16GB
- Loại RAM: LPDDR5-6400
- Số khe ram: Onboard không nâng cấp
- Ổ cứng: 1TB SSD M.2 2242 PCIe 4.0x4 NVMe
- Kích thước màn hình: 14 inches
- Công nghệ màn hình: Độ sáng 400nits Độ phủ màu 100% DCI-P3EyesafeDolby VisionDisplayHDR True Black 500
- Pin: 65Wh, 65W USB-C Slim (Wall-mount)
- Hệ điều hành: Windows 11 Home Single Language, English + Microsoft 365 Basic + Office Home 2024
- Độ phân giải màn hình: 1920 x 1200 pixels (WUXGA)
- Loại CPU: Intel Core Ultra 5 125H, 14 lõi (4P + 8E + 2LPE) / 18 luồng, Max Turbo up to 4.5GHz, 18MB
- Cổng giao tiếp: 1x USB-A (USB 5Gbps / USB 3.2 Gen 1), Luôn bật 2x USB-C (Thunderbolt 4 / USB 4 40Gbps), với USB PD 3.1 và DisplayPort 1.4 1x HDMI 2.1, lên đến 4K/60Hz 1x Giắc cắm kết hợp tai nghe/micrô (3.5mm)","Mua ngay Laptop Lenovo Yoga Slim 7 14IMH9 83CV00D8VN cũ giá rẻ - Nguồn gốc rõ ràng, bảo hành 6-12 tháng, đổi mới 30 ngày, luôn xuất bán đầy đủ VAT.",Laptop,20890000,Lenovo,0,114,0,2026-03-29 00:49:37,2026-03-29 00:49:37
35,Laptop MSI Gaming GF63 Thin 10SC-813VN - Cũ Trầy Xước,"Mua Laptop MSI Gaming GF63 Thin 10SC-813VN cũ giá rẻ - Nguồn gốc rõ ràng, bảo hành 6-12 tháng, đổi mới 30 ngày, luôn xuất bán đầy đủ VAT.","- Loại card đồ họa: NVIDIA GeForce GTX 1650 4GB
- Dung lượng RAM: 16GB
- Loại RAM: LPDDR5x 8400MHz
- Ổ cứng: SSD 512GB
- Kích thước màn hình: 15.6 inches
- Công nghệ màn hình: 15.6 inch Full HDIPSViền màn hình siêu mỏng
- Pin: 7 giờ
- Hệ điều hành: Windows 10
- Loại CPU: Intel Core i7 10750H thế hệ 10 xung nhịp 2,60 GHz Turbo Boost 5,00 GHz, bộ nhớ đệm 12MB, 6 nhân 12 luồng","Mua Laptop MSI Gaming GF63 Thin 10SC-813VN cũ giá rẻ - Nguồn gốc rõ ràng, bảo hành 6-12 tháng, đổi mới 30 ngày, luôn xuất bán đầy đủ VAT.",Laptop,8990000,MSI,2,118,0,2026-03-29 00:49:37,2026-03-29 00:49:37
36,Laptop MSI Gaming Katana A15 AI B8VE-402VN - Cũ Trầy Xước,"Mua ngay Laptop MSI Gaming Katana AI B8VE-402VN cũ giá rẻ - Nguồn gốc rõ ràng, bảo hành 6-12 tháng, đổi mới 30 ngày, luôn xuất bán đầy đủ VAT.","- Loại card đồ họa: NVIDIA GeForce RTX 4050 Laptop GPU 6GB GDDR6
- Dung lượng RAM: 16GB
- Loại RAM: DDR5-5600
- Số khe ram: 2 khe (Nâng cấp tối đa 64GB)
- Ổ cứng: 512GB SSD 2x M.2 (NVMe PCIe Gen4)
- Kích thước màn hình: 15.6 inches
- Pin: 3-Cell 53.5 Battery (Whr)
- Hệ điều hành: Windows 11 Home
- Độ phân giải màn hình: 1920 x 1080 pixels (FullHD)
- Loại CPU: AMD Ryzen R7-8845HS có kiến ​​trúc AMD XDNA
- Cổng giao tiếp: 1x Mic-in/Headphone-out Combo Jack 1x Type-C (USB3.2 Gen1 / DP) 2x Type-A USB3.2 Gen1 1x Type-A USB2.0 1x HDMI 2.1 (8K @ 60Hz / 4K @ 120Hz) 1x RJ45","Mua ngay Laptop MSI Gaming Katana AI B8VE-402VN cũ giá rẻ - Nguồn gốc rõ ràng, bảo hành 6-12 tháng, đổi mới 30 ngày, luôn xuất bán đầy đủ VAT.",Laptop,18590000,MSI,2,31,0,2026-03-29 00:49:37,2026-03-29 00:49:37
37,Laptop MSI Katana 15 B13UDXK-2213VN - Cũ Xước Cấn,"Mua ngay Laptop MSI Katana 15 B13UDXK-2213VN cũ giá rẻ - Nguồn gốc rõ ràng, bảo hành 6-12 tháng, đổi mới 30 ngày, luôn xuất bán đầy đủ VAT.","- Loại card đồ họa: NVIDIA GeForce RTX 3050, GDDR6 6GB Intel Graphics
- Dung lượng RAM: 16GB
- Loại RAM: DDR5 5200Mhz
- Số khe ram: 2 khe (2 x 8GB, nâng cấp tối đa 64 GB)
- Ổ cứng: 1TB NVMe PCIe SSD Gen4x4 w/o DRAM, 2 khe đã sử dụng 1 khe
- Kích thước màn hình: 15.6 inches
- Công nghệ màn hình: Độ phủ màu 45% NTSC Màn hình chống chói
- Pin: 3 cell, 53.5Whr
- Hệ điều hành: Windows 11 Home SEA
- Độ phân giải màn hình: 1920 x 1080 pixels (FullHD)
- Loại CPU: Intel Core i5-13500H (Tốc độ CPU (Base): 3.5Ghz / Tốc độ CPU Tối đa (Turbo Boost): 4.7GHz / Bộ nhớ đệm: 18MB)
- Cổng giao tiếp: 1x Type-C (USB3.2 Gen1 / DP) 2x Type-A USB3.2 Gen1 1x Type-A USB2.0 1x HDMI 2.1 (8K @ 60Hz / 4K @ 120Hz) 1x RJ45","Mua ngay Laptop MSI Katana 15 B13UDXK-2213VN cũ giá rẻ - Nguồn gốc rõ ràng, bảo hành 6-12 tháng, đổi mới 30 ngày, luôn xuất bán đầy đủ VAT.",Laptop,15090000,MSI,45,165,0,2026-03-29 00:49:37,2026-03-29 00:49:37
38,Loa Bluetooth GOOJODOQ AB4092,"Mua Loa Bluetooth GOOJODOQ AB4092 chính hãng - Giá tốt, bảo hành uy tín, giao hàng tận nơi toàn quốc. Mua ngay GOOJODOQ AB4092 tại đây.","- Công suất: 60 W
- Thời lượng pin: 3 giờ
- Cổng kết nối: AUXUSBTF Card
- Số loa kết nối cùng lúc: 2
- Tính năng khác: Hỗ trợ thẻ nhớ
- Hãng sản xuất: Goojodoq","Mua Loa Bluetooth GOOJODOQ AB4092 chính hãng - Giá tốt, bảo hành uy tín, giao hàng tận nơi toàn quốc. Mua ngay GOOJODOQ AB4092 tại đây.",Khác,1639000,Goojodoq,2,144,0,2026-03-29 00:49:37,2026-03-29 00:49:37
39,Loa Bluetooth GOOJODOQ AB4094,"Mua Loa Bluetooth GOOJODOQ AB4094 chính hãng - Giá tốt, bảo hành uy tín, giao hàng tận nơi toàn quốc. Mua ngay GOOJODOQ AB4094 tại đây.","- Tính năng khác: Hỗ trợ thẻ nhớ
- Hãng sản xuất: Goojodoq","Mua Loa Bluetooth GOOJODOQ AB4094 chính hãng - Giá tốt, bảo hành uy tín, giao hàng tận nơi toàn quốc. Mua ngay GOOJODOQ AB4094 tại đây.",Khác,159000,Goojodoq,2,113,0,2026-03-29 00:49:37,2026-03-29 00:49:37
40,Loa Bluetooth GOOJODOQ AB4095,"Mua Loa Bluetooth GOOJODOQ AB4095 chính hãng - Giá tốt, bảo hành uy tín, giao hàng tận nơi toàn quốc. Mua ngay GOOJODOQ AB4095 tại đây.","- Trọng lượng: 229 g
- Công nghệ âm thanh: Âm thanh Stereo
- Công suất: 5 W
- Thời lượng pin: 5 giờ (ở mức âm lượng 70%, tắt đèn)
- Tính năng khác: 3 mức độ ánh sángGhép nối TWS
- Hãng sản xuất: Goojodoq","Mua Loa Bluetooth GOOJODOQ AB4095 chính hãng - Giá tốt, bảo hành uy tín, giao hàng tận nơi toàn quốc. Mua ngay GOOJODOQ AB4095 tại đây.",Khác,339000,Goojodoq,70,86,0,2026-03-29 00:49:37,2026-03-29 00:49:37
41,Loa Bluetooth tích hợp đèn ngủ GOOJODOQ AB4097,"Mua Loa Bluetooth tích hợp đèn ngủ GOOJODOQ AB4097 chính hãng - Giá tốt, bảo hành uy tín, giao hàng tận nơi toàn quốc. Mua ngay GOOJODOQ AB4097 tại đây.","- Trọng lượng: 565 g
- Kích thước: 75 x 240 mm
- Công suất: 10 W
- Thời lượng pin: 3 – 5 giờ (ở mức âm lượng 50%)
- Cổng kết nối: AUX TF/Micro SD
- Tính năng khác: 24 chế độ đèn LEDĐộ trễ thấpGhép nối TWS
- Cấu tạo: 2 loa 52 mm
- Hãng sản xuất: Goojodoq","Mua Loa Bluetooth tích hợp đèn ngủ GOOJODOQ AB4097 chính hãng - Giá tốt, bảo hành uy tín, giao hàng tận nơi toàn quốc. Mua ngay GOOJODOQ AB4097 tại đây.",Khác,180000,Goojodoq,50,174,0,2026-03-29 00:49:37,2026-03-29 00:49:37
42,Màn hình LG 24U411A-B 24 inch - Đã Kích Hoạt,"Mua Màn hình LG 24U411A-B 24 inch cũ giá rẻ - Nguồn gốc rõ ràng, bảo hành 6-12 tháng, đổi mới 30 ngày, luôn xuất bán đầy đủ VAT.","- Kích thước thực tế (bao gồm viền): 24 inches
- Tấm nền: IPS
- Tỉ lệ màn hình: 16:9
- Tần số quét: 120 Hz
- Thời gian phản hồi: 1ms
- Treo tường: 100 x 100 mm
- Cổng kết nối: D-Sub HDMI
- Độ phân giải màn hình: 1920 x 1080 pixels","Mua Màn hình LG 24U411A-B 24 inch cũ giá rẻ - Nguồn gốc rõ ràng, bảo hành 6-12 tháng, đổi mới 30 ngày, luôn xuất bán đầy đủ VAT.",Khác,1790000,LG,2,176,0,2026-03-29 00:49:37,2026-03-29 00:49:37
43,Màn hình MSI Pro MP243L E14 24 inch - Cũ Đẹp,"Mua Màn hình MSI Pro MP243L E14 24 inch cũ giá rẻ - Nguồn gốc rõ ràng, bảo hành 6-12 tháng, đổi mới 30 ngày, luôn xuất bán đầy đủ VAT.","- Kích thước thực tế (bao gồm viền): 24 inches
- Tấm nền: IPS
- Tỉ lệ màn hình: 16:9
- Tần số quét: 144 Hz
- Thời gian phản hồi: 1ms
- Treo tường: 100 x 100 mm
- Cổng kết nối: 1x HDMI 2.0 (FHD@144Hz) 1x D-Sub (VGA)
- Kích thước: Có chân đế: 541.93 x 181.15 x 397.46 mmKhông chân đế: 541.93 x 43.71 x 322.25 mm
- Trọng lượng: Có chân đế: 4.75 kgKhông chân đế: 2.94 kg
- Độ phân giải màn hình: 1920 x 1080 pixels","Mua Màn hình MSI Pro MP243L E14 24 inch cũ giá rẻ - Nguồn gốc rõ ràng, bảo hành 6-12 tháng, đổi mới 30 ngày, luôn xuất bán đầy đủ VAT.",Khác,1490000,MSI,2,61,0,2026-03-29 00:49:37,2026-03-29 00:49:37
44,Máy tính bảng Huawei MatePad Pro 12.2 2025 12GB 512GB - Cũ trầy xước,"Mua máy tính bảng Huawei MatePad Pro 2025 cũ giá rẻ - Nguồn gốc rõ ràng, bảo hành 6-12 tháng, đổi mới 30 ngày, luôn xuất bán đầy đủ VAT.","- Kích thước màn hình: 12.2 inches
- Công nghệ màn hình: Tandem OLED PaperMatte
- Camera sau: 50 MP (f/1.8, AF) + 8 MP góc rộng (f/2.2, FF)
- Camera trước: 8 MP (f/2.0, FF)
- Dung lượng RAM: 12 GB
- Bộ nhớ trong: 512 GB
- Pin: 10.100 mAh
- Hệ điều hành: HarmonyOS 4.3
- Độ phân giải màn hình: 2800 x 1840 pixels
- Tính năng màn hình: 1.07 tỷ màu2000 nitsGam màu rộng P3274 ppiĐộ tương phản 2,000,000:1
- Tương thích: Bút cảm ứng Huawei M-PencilBàn phím trượt Huawei Glide","Mua máy tính bảng Huawei MatePad Pro 2025 cũ giá rẻ - Nguồn gốc rõ ràng, bảo hành 6-12 tháng, đổi mới 30 ngày, luôn xuất bán đầy đủ VAT.",Khác,12690000,Huawei,2,46,0,2026-03-29 00:49:37,2026-03-29 00:49:37
45,Ốp lưng iPhone 11 Pro Max Likgus BVC Clear,"Mua Ốp lưng iPhone 11 Pro Max Likgus BVC Clear chính hãng - Giá rẻ, đảm bảo chất lượng, độ bền cao, hỗ trợ giao hàng tận nơi toàn quốc.","- Dòng sản phẩm: iPhone 11 Pro max
- Phân loại ốp: Chống sốc, Ốp trong
- Tính năng: Siêu mỏng, Chống sốc, va đập, Chống trầy xước
- Hãng sản xuất: Likgus","Mua Ốp lưng iPhone 11 Pro Max Likgus BVC Clear chính hãng - Giá rẻ, đảm bảo chất lượng, độ bền cao, hỗ trợ giao hàng tận nơi toàn quốc.",Điện thoại,110000,Likgus,0,85,0,2026-03-29 00:49:37,2026-03-29 00:49:37
46,Ốp lưng iPhone 12 Pro Max Likgus with Magsafe Clear,"Mua Ốp lưng iPhone 12 Pro Max Likgus with Magsafe Clear chính hãng - Giá rẻ, đảm bảo chất lượng, độ bền cao, hỗ trợ giao hàng tận nơi toàn quốc.","- Dòng sản phẩm: iPhone 12 Pro Max
- Phân loại ốp: Chống sốc, Ốp trong
- Tính năng: Hỗ trợ sạc MagSafe, Hỗ trợ sạc không dây, Siêu mỏng, Chống sốc, va đập, Chống trầy xước
- Hãng sản xuất: Likgus","Mua Ốp lưng iPhone 12 Pro Max Likgus with Magsafe Clear chính hãng - Giá rẻ, đảm bảo chất lượng, độ bền cao, hỗ trợ giao hàng tận nơi toàn quốc.",Điện thoại,150000,Likgus,2,122,0,2026-03-29 00:49:37,2026-03-29 00:49:37
47,Ốp lưng iPhone 14 Pro ESR Air Armor Clear,"Mua Ốp lưng iPhone 14 Pro ESR Air Armor Clear chính hãng - Giá rẻ, đảm bảo chất lượng, độ bền cao, hỗ trợ giao hàng tận nơi toàn quốc.","- Dòng sản phẩm: iPhone 14 Pro
- Phân loại ốp: Chống sốc, Ốp trong, Ốp nhựa cứng
- Tính năng: Chống sốc, va đập, Chống trầy xước
- Hãng sản xuất: ESR","Mua Ốp lưng iPhone 14 Pro ESR Air Armor Clear chính hãng - Giá rẻ, đảm bảo chất lượng, độ bền cao, hỗ trợ giao hàng tận nơi toàn quốc.",Điện thoại,99000,ESR,0,32,0,2026-03-29 00:49:37,2026-03-29 00:49:37
48,Ốp lưng iPhone 14 Pro Itskins Ballistic R Nylon,"Mua Ốp lưng iPhone 14 Pro Itskins Ballistic R Nylon chính hãng - Giá rẻ, đảm bảo chất lượng, độ bền cao, hỗ trợ giao hàng tận nơi toàn quốc","- Dòng sản phẩm: iPhone 14 Pro
- Phân loại ốp: Chống sốc
- Tính năng: Siêu mỏng, Chống sốc, va đập, Chống trầy xước
- Hãng sản xuất: Itskins","Mua Ốp lưng iPhone 14 Pro Itskins Ballistic R Nylon chính hãng - Giá rẻ, đảm bảo chất lượng, độ bền cao, hỗ trợ giao hàng tận nơi toàn quốc",Điện thoại,99000,Itskins,0,56,0,2026-03-29 00:49:37,2026-03-29 00:49:37
49,Ốp lưng iPhone 14 Pro TGVIS Space Cool Sky,"Mua Ốp lưng iPhone 14 Pro TGVIS Space Cool Sky chính hãng - Giá rẻ, đảm bảo chất lượng, độ bền cao, bảo hành uy tín, giao hàng tận nơi toàn quốc.","- Dòng sản phẩm: iPhone 14 Pro
- Phân loại ốp: Chống sốc, Ốp dẻo
- Tính năng: Chống sốc, va đập, Chống trầy xước
- Hãng sản xuất: TGVIS","Mua Ốp lưng iPhone 14 Pro TGVIS Space Cool Sky chính hãng - Giá rẻ, đảm bảo chất lượng, độ bền cao, bảo hành uy tín, giao hàng tận nơi toàn quốc.",Điện thoại,99000,TGVIS,2,56,0,2026-03-29 00:49:37,2026-03-29 00:49:37
50,Ốp lưng iPhone 14 Pro TGVIS Space Space Man,"Mua Ốp lưng iPhone 14 Pro TGVIS Space Space Man chính hãng - Giá rẻ, đảm bảo chất lượng, độ bền cao, bảo hành uy tín, giao hàng tận nơi toàn quốc.","- Dòng sản phẩm: iPhone 14 Pro
- Phân loại ốp: Chống sốc, Ốp dẻo
- Tính năng: Hỗ trợ sạc không dây, Chống sốc, va đập, Chống trầy xước
- Hãng sản xuất: TGVIS","Mua Ốp lưng iPhone 14 Pro TGVIS Space Space Man chính hãng - Giá rẻ, đảm bảo chất lượng, độ bền cao, bảo hành uy tín, giao hàng tận nơi toàn quốc.",Điện thoại,99000,TGVIS,2,54,0,2026-03-29 00:49:37,2026-03-29 00:49:37
51,Ốp lưng iPhone 15 Likgus with Magsafe Clear,"Mua Ốp lưng iPhone 15 Likgus with Magsafe Clear chính hãng - Giá rẻ, đảm bảo chất lượng, độ bền cao, hỗ trợ giao hàng tận nơi toàn quốc.","- Dòng sản phẩm: iPhone 15
- Phân loại ốp: Chống sốc, Ốp trong
- Tính năng: Hỗ trợ sạc MagSafe, Hỗ trợ sạc không dây, Siêu mỏng, Chống sốc, va đập, Chống trầy xước
- Hãng sản xuất: Likgus","Mua Ốp lưng iPhone 15 Likgus with Magsafe Clear chính hãng - Giá rẻ, đảm bảo chất lượng, độ bền cao, hỗ trợ giao hàng tận nơi toàn quốc.",Điện thoại,140000,Likgus,0,129,0,2026-03-29 00:49:37,2026-03-29 00:49:37
52,Ốp lưng iPhone 15 Pro Araree Nukin Clear,"Mua Ốp lưng iPhone 15 Pro Araree Nukin Clear chính hãng - Giá rẻ, đảm bảo","- Chất liệu: Polycarbonate
- Dòng sản phẩm: iPhone 15 Pro
- Phân loại ốp: Chống sốc, Ốp trong
- Tính năng: Siêu mỏng, Chống sốc, va đập, Chống ngả màu, Chống trầy xước
- Hãng sản xuất: Araree","Mua Ốp lưng iPhone 15 Pro Araree Nukin Clear chính hãng - Giá rẻ, đảm bảo",Điện thoại,150000,Araree,0,57,0,2026-03-29 00:49:37,2026-03-29 00:49:37
53,Ốp lưng iPhone 15 Pro JCPal DualPro with Magsafe Clear,"Mua ngay Ốp lưng iPhone 15 Pro JCPal DualPro with Magsafe Clear chính hãng - Giá rẻ, đảm bảo chất lượng, độ bền cao, hỗ trợ giao hàng tận nơi toàn quốc.","- Chất liệu: PC &amp; TPU trong suốt
- Dòng sản phẩm: iPhone 15 Pro
- Phân loại ốp: Chống sốc, Ốp trong
- Tính năng: Hỗ trợ sạc MagSafe, Hỗ trợ sạc không dây, Chống sốc, va đập, Chống trầy xước
- Hãng sản xuất: JCPal","Mua ngay Ốp lưng iPhone 15 Pro JCPal DualPro with Magsafe Clear chính hãng - Giá rẻ, đảm bảo chất lượng, độ bền cao, hỗ trợ giao hàng tận nơi toàn quốc.",Điện thoại,150000,JCPal,0,125,0,2026-03-29 00:49:37,2026-03-29 00:49:37
54,Ốp lưng iPhone 15 Pro Jinya T-Stand with Magsafe,"Mua Ốp lưng iPhone 15 Pro Jinya T-Stand with Magsafe chính hãng - Giá rẻ, đảm bảo chất lượng, độ bền cao, hỗ trợ giao hàng tận nơi toàn quốc.","- Dòng sản phẩm: iPhone 15 Pro
- Phân loại ốp: Chống sốc, Ốp trong, Ốp nhựa cứng
- Tính năng: Hỗ trợ sạc MagSafe, Hỗ trợ sạc không dây, Có chân đứng, Chống sốc, va đập, Chống trầy xước
- Hãng sản xuất: Jinya","Mua Ốp lưng iPhone 15 Pro Jinya T-Stand with Magsafe chính hãng - Giá rẻ, đảm bảo chất lượng, độ bền cao, hỗ trợ giao hàng tận nơi toàn quốc.",Điện thoại,150000,Jinya,0,63,0,2026-03-29 00:49:37,2026-03-29 00:49:37
55,Ốp lưng iPhone 15 Pro Max Araree Duple Clear,"Mua Ốp lưng iPhone 15 Pro Max Araree Duple Clear chính hãng - Giá rẻ, đảm bảo","- Chất liệu: TPU + Polycarbonate
- Dòng sản phẩm: iPhone 15 Pro Max
- Phân loại ốp: Chống sốc, Ốp trong
- Tính năng: Hỗ trợ sạc không dây, Siêu mỏng, Chống sốc, va đập, Chống ngả màu, Chống trầy xước
- Hãng sản xuất: Araree","Mua Ốp lưng iPhone 15 Pro Max Araree Duple Clear chính hãng - Giá rẻ, đảm bảo",Điện thoại,150000,Araree,0,139,0,2026-03-29 00:49:37,2026-03-29 00:49:37
56,Ốp lưng iPhone 15 Pro Max Likgus With Magsafe,"Mua Ốp lưng iPhone 15 Pro Max Likgus With Magsafe chính hãng - Giá rẻ, đảm bảo chất lượng, độ bền cao, hỗ trợ giao hàng tận nơi toàn quốc.","- Dòng sản phẩm: iPhone 15 Pro Max
- Phân loại ốp: Chống sốc, Ốp trong
- Tính năng: Hỗ trợ sạc MagSafe, Hỗ trợ sạc không dây, Siêu mỏng, Chống sốc, va đập, Chống trầy xước
- Hãng sản xuất: Likgus","Mua Ốp lưng iPhone 15 Pro Max Likgus With Magsafe chính hãng - Giá rẻ, đảm bảo chất lượng, độ bền cao, hỗ trợ giao hàng tận nơi toàn quốc.",Điện thoại,150000,Likgus,0,72,0,2026-03-29 00:49:37,2026-03-29 00:49:37
57,Ốp lưng iPhone 15 Pro Max TGVIS Art,"Mua Ốp lưng iPhone 15 Pro Max TGVIS Art chính hãng - Giá rẻ, đảm bảo chất lượng, độ bền cao, hỗ trợ giao hàng tận nơi toàn quốc.","- Chất liệu: TPU+ PC+ Metal
- Dòng sản phẩm: iPhone 15 Pro Max
- Phân loại ốp: Chống sốc
- Tính năng: Siêu mỏng, Có chân đứng, Chống sốc, va đập, Chống trầy xước
- Hãng sản xuất: TGVIS","Mua Ốp lưng iPhone 15 Pro Max TGVIS Art chính hãng - Giá rẻ, đảm bảo chất lượng, độ bền cao, hỗ trợ giao hàng tận nơi toàn quốc.",Điện thoại,150000,TGVIS,2,74,0,2026-03-29 00:49:37,2026-03-29 00:49:37
58,Ốp lưng iPhone 15 Pro TGVIS Art,"Mua Ốp lưng iPhone 15 Pro TGVIS Art chính hãng - Giá rẻ, đảm bảo chất lượng, độ bền cao, hỗ trợ giao hàng tận nơi toàn quốc.","- Chất liệu: TPU+ PC+ Metal
- Dòng sản phẩm: iPhone 15 Pro
- Phân loại ốp: Chống sốc
- Tính năng: Siêu mỏng, Có chân đứng, Chống sốc, va đập, Chống trầy xước
- Hãng sản xuất: TGVIS","Mua Ốp lưng iPhone 15 Pro TGVIS Art chính hãng - Giá rẻ, đảm bảo chất lượng, độ bền cao, hỗ trợ giao hàng tận nơi toàn quốc.",Điện thoại,150000,TGVIS,2,149,0,2026-03-29 00:49:37,2026-03-29 00:49:37
59,Ốp lưng iPhone 15 X Level Sparkling Magsafe,"Mua ngay Ốp lưng iPhone 15 X Level Sparkling Magsafe chính hãng - Giá rẻ, đảm bảo chất lượng, độ bền cao, hỗ trợ giao hàng tận nơi toàn quốc.","- Dòng sản phẩm: iPhone 15
- Phân loại ốp: Chống sốc, Ốp trong
- Tính năng: Hỗ trợ sạc MagSafe, Hỗ trợ sạc không dây, Siêu mỏng, Chống sốc, va đập, Chống trầy xước
- Dùng được cho: iPhone 15
- Hãng sản xuất: Hãng khác","Mua ngay Ốp lưng iPhone 15 X Level Sparkling Magsafe chính hãng - Giá rẻ, đảm bảo chất lượng, độ bền cao, hỗ trợ giao hàng tận nơi toàn quốc.",Điện thoại,150000,Hãng khác,0,131,0,2026-03-29 00:49:37,2026-03-29 00:49:37
60,PC Rosa Office 3200G,"Mua ngay PC Rosa Office 3200G giá rẻ - Hỗ trợ trả góp 0%, đổi mới 30 ngày, bảo hành chính hãng, giao hàng tận nơi miễn phí.","- Loại card đồ họa: Radeon Vega 8
- Dung lượng RAM: 32GB
- Loại RAM: DDR4 8GB 3200Hz
- Số khe ram: 1 x 8GB
- Ổ cứng: SSD 240G/256G 2.5&quot; SATA
- Tản nhiệt: Wraith Stealth
- Hệ điều hành: Window 11 Pro
- Loại CPU: AMD Ryzen 3 3200G","Mua ngay PC Rosa Office 3200G giá rẻ - Hỗ trợ trả góp 0%, đổi mới 30 ngày, bảo hành chính hãng, giao hàng tận nơi miễn phí.",Khác,8290000,Hãng khác,0,89,0,2026-03-29 00:49:37,2026-03-29 00:49:37
61,PC Rosa Office 5500GT,"Mua ngay PC Rosa Office 5500GT giá rẻ - Hỗ trợ trả góp 0%, đổi mới 30 ngày, bảo hành chính hãng, giao hàng tận nơi miễn phí.","- Loại card đồ họa: Radeon Vega 8
- Dung lượng RAM: 32GB
- Loại RAM: DDR4 8GB 3200Hz
- Số khe ram: 1 x 8GB
- Ổ cứng: SSD 240G/256G 2.5&quot; SATA
- Mainboard: AMD A520
- Tản nhiệt: Wraith Stealth
- Hệ điều hành: Window 11 Pro
- Loại CPU: AMD Ryzen 3 5500GT","Mua ngay PC Rosa Office 5500GT giá rẻ - Hỗ trợ trả góp 0%, đổi mới 30 ngày, bảo hành chính hãng, giao hàng tận nơi miễn phí.",Khác,10690000,Hãng khác,0,8,0,2026-03-29 00:49:37,2026-03-29 00:49:37
62,Samsung Galaxy Watch5 44mm LTE - Cũ Xước Cấn,"Mua Đồng hồ Galaxy Watch 5 44mm LTE cũ giá rẻ - Nguồn gốc rõ ràng, bảo hành 6-12 tháng, đổi mới 30 ngày, luôn xuất bán đầy đủ VAT.","- Công nghệ màn hình: Amoled
- Kích thước màn hình: 1.4 inch
- Đường kính mặt: 44mm
- Bộ nhớ trong: 16 GB
- Nghe,gọi: Nghe gọi qua Bluetooth
- Tiện ích sức khoẻ: Chế độ luyện tập, Theo dõi giấc ngủ, Đo nhịp tim, Đo lượng oxy trong máu, Đếm bước chân, Tính calo tiêu thụ, Tính quãng đường chạy, Đo mức độ stress, Cảm biến nhiệt độ, Cảnh báo nhịp tim bất thường, Đo chỉ số năng lượng cơ thể, Đo điện tâm đồ, Đo VO2 max (Đo lượng tiêu thụ oxy tối đa), Đo huyết áp
- Tương thích: Android, iOS
- Thời lượng pin: Chế độ thông minh: 2 ngày
- Hãng sản xuất: Samsung Chính hãng","Mua Đồng hồ Galaxy Watch 5 44mm LTE cũ giá rẻ - Nguồn gốc rõ ràng, bảo hành 6-12 tháng, đổi mới 30 ngày, luôn xuất bán đầy đủ VAT.",Điện thoại,1390000,Samsung Chính hãng,45,168,0,2026-03-29 00:49:37,2026-03-29 00:49:37
