id,username,email,password,first_name,last_name,phone,avt_url,role,status,verified,last_login,created_at,updated_at
1,customer_0001,customer_0001@example.com,$2b$12$abcdefghijklmnopqrstuv1234567890abcdefghi,User1,Demo,0900000001,,CUSTOMER,ACTIVE,1,2026-03-29 12:13:07,2024-04-05 07:17:04,2026-03-29 12:13:07
2,customer_0002,customer_0002@example.com,$2b$12$abcdefghijklmnopqrstuv1234567890abcdefghi,User2,Demo,0900000002,,CUSTOMER,ACTIVE,1,2026-03-29 12:13:07,2024-09-09 21:36:44,2026-03-29 12:13:07
3,customer_0003,customer_0003@example.com,$2b$12$abcdefghijklmnopqrstuv1234567890abcdefghi,User3,Demo,0900000003,,CUSTOMER,ACTIVE,1,2026-03-29 12:13:07,2025-02-23 14:57:50,2026-03-29 12:13:07
4,customer_0004,customer_0004@example.com,$2b$12$abcdefghijklmnopqrstuv1234567890abcdefghi,User4,Demo,0900000004,,CUSTOMER,ACTIVE,1,2026-03-29 12:13:07,2025-07-11 02:50:26,2026-03-29 12:13:07
5,customer_0005,customer_0005@example.com,$2b$12$abcdefghijklmnopqrstuv1234567890abcdefghi,User5,Demo,0900000005,,CUSTOMER,ACTIVE,1,2026-03-29 12:13:07,2024-12-24 19:30:32,2026-03-29 12:13:07
6,customer_0006,customer_0006@example.com,$2b$12$abcdefghijklmnopqrstuv1234567890abcdefghi,User6,Demo,0900000006,,CUSTOMER,ACTIVE,1,2026-03-29 12:13:07,2025-06-05 15:33:59,2026-03-29 12:13:07
7,customer_0007,customer_0007@example.com,$2b$12$abcdefghijklmnopqrstuv1234567890abcdefghi,User7,Demo,0900000007,,CUSTOMER,ACTIVE,1,2026-03-29 12:13:07,2025-06-20 05:55:25,2026-03-29 12:13:07
8,customer_0008,customer_0008@example.com,$2b$12$abcdefghijklmnopqrstuv1234567890abcdefghi,User8,Demo,0900000008,,CUSTOMER,ACTIVE,1,2026-03-29 12:13:07,2024-07-15 20:11:51,2026-03-29 12:13:07
9,customer_0009,customer_0009@example.com,$2b$12$abcdefghijklmnopqrstuv1234567890abcdefghi,User9,Demo,0900000009,,CUSTOMER,ACTIVE,1,2026-03-29 12:13:07,2026-02-02 12:11:40,2026-03-29 12:13:07
10,customer_0010,customer_0010@example.com,$2b$12$abcdefghijklmnopqrstuv1234567890abcdefghi,User10,Demo,0900000010,,CUSTOMER,ACTIVE,1,2026-03-29 12:13:07,2024-08-04 09:06:51,2026-03-29 12:13:07
11,customer_0011,customer_0011@example.com,$2b$12$abcdefghijklmnopqrstuv1234567890abcdefghi,User11,Demo,0900000011,,CUSTOMER,ACTIVE,1,2026-03-29 12:13:07,2026-03-10 00:51:41,2026-03-29 12:13:07
12,customer_0012,customer_0012@example.com,$2b$12$abcdefghijklmnopqrstuv1234567890abcdefghi,User12,Demo,0900000012,,CUSTOMER,ACTIVE,1,2026-03-29 12:13:07,2025-12-22 13:56:35,2026-03-29 12:13:07
13,customer_0013,customer_0013@example.com,$2b$12$abcdefghijklmnopqrstuv1234567890abcdefghi,User13,Demo,0900000013,,CUSTOMER,ACTIVE,1,2026-03-29 12:13:07,2025-08-17 18:46:34,2026-03-29 12:13:07
14,customer_0014,customer_0014@example.com,$2b$12$abcdefghijklmnopqrstuv1234567890abcdefghi,User14,Demo,0900000014,,CUSTOMER,ACTIVE,1,2026-03-29 12:13:07,2025-01-27 07:07:49,2026-03-29 12:13:07
15,customer_0015,customer_0015@example.com,$2b$12$abcdefghijklmnopqrstuv1234567890abcdefghi,User15,Demo,0900000015,,CUSTOMER,ACTIVE,1,2026-03-29 12:13:07,2025-05-24 02:19:41,2026-03-29 12:13:07
16,customer_0016,customer_0016@example.com,$2b$12$abcdefghijklmnopqrstuv1234567890abcdefghi,User16,Demo,0900000016,,CUSTOMER,ACTIVE,1,2026-03-29 12:13:07,2024-08-26 04:21:04,2026-03-29 12:13:07
17,customer_0017,customer_0017@example.com,$2b$12$abcdefghijklmnopqrstuv1234567890abcdefghi,User17,Demo,0900000017,,CUSTOMER,ACTIVE,1,2026-03-29 12:13:07,2025-12-13 14:55:14,2026-03-29 12:13:07
18,customer_0018,customer_0018@example.com,$2b$12$abcdefghijklmnopqrstuv1234567890abcdefghi,User18,Demo,0900000018,,CUSTOMER,ACTIVE,1,2026-03-29 12:13:07,2024-11-18 03:02:19,2026-03-29 12:13:07
19,customer_0019,customer_0019@example.com,$2b$12$abcdefghijklmnopqrstuv1234567890abcdefghi,User19,Demo,0900000019,,CUSTOMER,ACTIVE,1,2026-03-29 12:13:07,2025-02-04 00:59:38,2026-03-29 12:13:07
20,customer_0020,customer_0020@example.com,$2b$12$abcdefghijklmnopqrstuv1234567890abcdefghi,User20,Demo,0900000020,,CUSTOMER,ACTIVE,1,2026-03-29 12:13:07,2025-07-13 18:57:20,2026-03-29 12:13:07
21,customer_0021,customer_0021@example.com,$2b$12$abcdefghijklmnopqrstuv1234567890abcdefghi,User21,Demo,0900000021,,CUSTOMER,ACTIVE,1,2026-03-29 12:13:07,2026-03-15 12:04:16,2026-03-29 12:13:07
22,customer_0022,customer_0022@example.com,$2b$12$abcdefghijklmnopqrstuv1234567890abcdefghi,User22,Demo,0900000022,,CUSTOMER,ACTIVE,1,2026-03-29 12:13:07,2025-11-29 23:40:50,2026-03-29 12:13:07
23,customer_0023,customer_0023@example.com,$2b$12$abcdefghijklmnopqrstuv1234567890abcdefghi,User23,Demo,0900000023,,CUSTOMER,ACTIVE,1,2026-03-29 12:13:07,2025-08-02 09:31:38,2026-03-29 12:13:07
24,customer_0024,customer_0024@example.com,$2b$12$abcdefghijklmnopqrstuv1234567890abcdefghi,User24,Demo,0900000024,,CUSTOMER,ACTIVE,1,2026-03-29 12:13:07,2025-09-29 16:54:16,2026-03-29 12:13:07
25,customer_0025,customer_0025@example.com,$2b$12$abcdefghijklmnopqrstuv1234567890abcdefghi,User25,Demo,0900000025,,CUSTOMER,ACTIVE,1,2026-03-29 12:13:07,2025-09-02 21:27:36,2026-03-29 12:13:07
26,customer_0026,customer_0026@example.com,$2b$12$abcdefghijklmnopqrstuv1234567890abcdefghi,User26,Demo,0900000026,,CUSTOMER,ACTIVE,1,2026-03-29 12:13:07,2026-02-19 05:22:08,2026-03-29 12:13:07
27,customer_0027,customer_0027@example.com,$2b$12$abcdefghijklmnopqrstuv1234567890abcdefghi,User27,Demo,0900000027,,CUSTOMER,ACTIVE,1,2026-03-29 12:13:07,2024-12-09 03:00:59,2026-03-29 12:13:07
28,customer_0028,customer_0028@example.com,$2b$12$abcdefghijklmnopqrstuv1234567890abcdefghi,User28,Demo,0900000028,,CUSTOMER,ACTIVE,1,2026-03-29 12:13:07,2024-06-07 13:38:28,2026-03-29 12:13:07
29,customer_0029,customer_0029@example.com,$2b$12$abcdefghijklmnopqrstuv1234567890abcdefghi,User29,Demo,0900000029,,CUSTOMER,ACTIVE,1,2026-03-29 12:13:07,2024-12-25 11:27:35,2026-03-29 12:13:07
30,customer_0030,customer_0030@example.com,$2b$12$abcdefghijklmnopqrstuv1234567890abcdefghi,User30,Demo,0900000030,,CUSTOMER,ACTIVE,1,2026-03-29 12:13:07,2024-12-15 05:53:05,2026-03-29 12:13:07
31,customer_0031,customer_0031@example.com,$2b$12$abcdefghijklmnopqrstuv1234567890abcdefghi,User31,Demo,0900000031,,CUSTOMER,ACTIVE,1,2026-03-29 12:13:07,2026-01-27 01:47:58,2026-03-29 12:13:07
32,customer_0032,customer_0032@example.com,$2b$12$abcdefghijklmnopqrstuv1234567890abcdefghi,User32,Demo,0900000032,,CUSTOMER,ACTIVE,1,2026-03-29 12:13:07,2024-12-12 21:46:08,2026-03-29 12:13:07
33,customer_0033,customer_0033@example.com,$2b$12$abcdefghijklmnopqrstuv1234567890abcdefghi,User33,Demo,0900000033,,CUSTOMER,ACTIVE,1,2026-03-29 12:13:07,2025-10-28 19:47:54,2026-03-29 12:13:07
34,customer_0034,customer_0034@example.com,$2b$12$abcdefghijklmnopqrstuv1234567890abcdefghi,User34,Demo,0900000034,,CUSTOMER,ACTIVE,1,2026-03-29 12:13:07,2024-10-22 08:48:24,2026-03-29 12:13:07
35,customer_0035,customer_0035@example.com,$2b$12$abcdefghijklmnopqrstuv1234567890abcdefghi,User35,Demo,0900000035,,CUSTOMER,ACTIVE,1,2026-03-29 12:13:07,2024-08-05 05:43:32,2026-03-29 12:13:07
36,customer_0036,customer_0036@example.com,$2b$12$abcdefghijklmnopqrstuv1234567890abcdefghi,User36,Demo,0900000036,,CUSTOMER,ACTIVE,1,2026-03-29 12:13:07,2024-09-22 20:06:51,2026-03-29 12:13:07
37,customer_0037,customer_0037@example.com,$2b$12$abcdefghijklmnopqrstuv1234567890abcdefghi,User37,Demo,0900000037,,CUSTOMER,ACTIVE,1,2026-03-29 12:13:07,2025-08-26 18:54:02,2026-03-29 12:13:07
38,customer_0038,customer_0038@example.com,$2b$12$abcdefghijklmnopqrstuv1234567890abcdefghi,User38,Demo,0900000038,,CUSTOMER,ACTIVE,1,2026-03-29 12:13:07,2026-02-10 19:35:07,2026-03-29 12:13:07
39,customer_0039,customer_0039@example.com,$2b$12$abcdefghijklmnopqrstuv1234567890abcdefghi,User39,Demo,0900000039,,CUSTOMER,ACTIVE,1,2026-03-29 12:13:07,2025-12-02 21:48:07,2026-03-29 12:13:07
40,customer_0040,customer_0040@example.com,$2b$12$abcdefghijklmnopqrstuv1234567890abcdefghi,User40,Demo,0900000040,,CUSTOMER,ACTIVE,1,2026-03-29 12:13:07,2024-07-16 15:32:48,2026-03-29 12:13:07
41,customer_0041,customer_0041@example.com,$2b$12$abcdefghijklmnopqrstuv1234567890abcdefghi,User41,Demo,0900000041,,CUSTOMER,ACTIVE,1,2026-03-29 12:13:07,2025-08-20 04:02:54,2026-03-29 12:13:07
42,customer_0042,customer_0042@example.com,$2b$12$abcdefghijklmnopqrstuv1234567890abcdefghi,User42,Demo,0900000042,,CUSTOMER,ACTIVE,1,2026-03-29 12:13:07,2025-11-19 15:32:52,2026-03-29 12:13:07
43,customer_0043,customer_0043@example.com,$2b$12$abcdefghijklmnopqrstuv1234567890abcdefghi,User43,Demo,0900000043,,CUSTOMER,ACTIVE,1,2026-03-29 12:13:07,2025-01-27 05:41:48,2026-03-29 12:13:07
44,customer_0044,customer_0044@example.com,$2b$12$abcdefghijklmnopqrstuv1234567890abcdefghi,User44,Demo,0900000044,,CUSTOMER,ACTIVE,1,2026-03-29 12:13:07,2025-03-13 12:51:07,2026-03-29 12:13:07
